1,2,3,4,5,6,USBN,UNBK
85.5,84.97,84.81,85.42,91.31,85.42,90,86
84.25,83.19,83.83,84.13,89.08,84.13,89,90
85.25,87.04,86.58,87.63,91.81,87.63,90,86
86.25,88.83,87.56,90.17,89,90.17,90,90
86.75,90.69,88,86.83,88.58,86.83,92.25,82
92.25,91.92,88.25,88.08,89,88.08,93.75,94
84,87.53,85.19,84.5,92.94,84.5,91.5,82
80.25,81.33,87.44,86.71,91.56,86.71,91.25,92
81.25,83.5,85.79,83.83,89.08,83.83,92.25,82
86.25,90.63,86.69,87.88,92.44,87.88,92,92
82.25,83.38,84.13,85.38,91.56,85.38,91.75,82
87.25,88.75,87.67,89.92,88.25,89.92,94.5,90
85.25,88,88.17,90.58,88.58,90.58,94,84
93.05,93.96,86.44,88.75,88.75,88.75,93.5,88
91.5,92.79,84.04,87.79,88.75,87.79,93,84
92.25,93.75,86.33,93.58,91.81,93.58,94.25,84
90.25,92.5,85.96,88.33,93.56,88.33,91,80
93.25,91.67,84.04,89.04,93.56,89.04,93.75,86
86.25,88.25,87.63,92.79,92.06,92.79,94.75,86
88.25,89.09,86.46,87.85,88.25,87.85,91.5,84
89.75,91.38,84.29,89.92,88.5,89.92,93.5,88
91.25,91.71,96.21,93.71,88.75,93.71,95,84
83,85.25,83.63,83.83,94.44,83.83,92.25,74
83.25,84.97,83.88,84.42,89.5,84.42,93.25,90
88.5,89.17,82.79,84.46,89.5,84.46,90,76
87.5,89.13,86.25,87.42,89.58,87.42,92,80
91,91.54,82.17,86.25,89.5,86.25,94,84
86.75,89.44,87.71,84.33,89.5,84.33,94,78
91.5,94.08,82.21,89.08,92.31,89.08,94.25,90
90.5,90.38,91.97,90.38,93.19,90.38,94.75,90
88.25,88.78,91.08,91.58,92.31,91.58,95.75,94
91.5,93.46,85.42,88.33,92.31,88.33,91.25,86
87.5,87.38,84.83,88.17,92.06,88.17,93.5,80
83.5,84.53,85.02,86.71,88.75,86.71,92,90
92,89.44,90.5,93.54,89.83,93.54,90,86
91.75,93.5,85.68,86.85,91.08,86.85,92.25,82
92.25,92.38,83.63,85.95,93.56,85.95,93,90
86.75,87.13,88,87.85,87.25,87.85,93.75,82
86.25,89.19,85.4,85.25,91.56,85.25,93.5,80
87,87,85.29,86.5,89,86.5,94.25,80
89.25,89.5,83.13,85.71,90.06,85.71,93.25,82
84.25,88.78,85.44,88.75,89.81,88.75,96,78
89,89.33,91.17,88.67,90.06,88.67,94.5,84
86.5,87.5,85.08,91.21,90.56,91.21,94.25,82
83.25,82.88,86.13,88.42,90.06,88.42,92.25,78
95.5,95.5,83.08,91.33,91.11,91.33,93.75,84
87,90.44,88.06,88.19,92.19,88.19,93,80
87,90.88,90.25,91.79,92.11,91.79,90.5,86
92.5,93.75,84.83,89.83,89.81,89.83,93.25,86
82.25,87.63,87.46,90.88,90.06,90.88,92.25,88
86.25,87.44,82,90.5,88.75,90.5,95,86
96.5,95.54,90.04,93.17,90.06,93.17,95.25,98
85.25,92.63,87.88,89.22,89.81,89.22,94.25,80
83.75,87.28,86.98,87.29,90.86,87.29,94,86
92.5,92.79,87.71,90.92,90.56,90.92,91.75,88
91.25,92.58,85.71,85.5,90.31,85.5,91.5,86
92.5,93.63,89,90.71,89.81,90.71,94,82
88,90.94,86.67,86.52,90.75,86.52,93.25,76
84,88.56,87.83,88.04,90.06,88.04,93.75,74
81,83.63,82.96,84.21,89.81,84.21,93.75,78
87.75,89.17,86.5,86.77,90.06,86.77,95.25,90
84.75,88.32,83.38,87.13,89.81,87.13,95.25,88
90.75,92.21,84.46,89.63,91.06,89.63,95.25,86
91,88.69,87.29,91.08,91.56,91.08,96,86
94,95.54,84.92,91.17,91.56,91.17,93.75,92
85.5,86,87.92,87.58,91.56,87.58,95.25,86
87.25,88.13,84.38,90.77,91.06,90.77,95,86
92.25,92.29,86.17,90.5,91.86,90.5,96.5,84
86.25,87.69,85.06,86.92,91.56,86.92,94.25,82
82.75,89.38,86.69,84.06,90.06,84.06,93.75,80
93,93.83,84.46,90.92,93.11,90.92,95.25,88
93.25,92.5,86.58,87.13,92.31,87.13,93.75,88
94.5,95.71,86.08,89.54,89.81,89.54,95,92
90.5,91.29,86.21,87.42,90.56,87.42,94,86
87.5,89.46,82.21,89.17,91.56,89.17,93,88
83.5,83.47,82.44,85.42,88.33,85.42,95,80
84.75,84.03,85.58,84.52,87.33,84.52,96,90
89.25,90.38,81.21,84.46,86.39,84.46,90.25,84
87.5,88.21,84.38,82.92,86.92,82.92,91.75,88
83.5,90.13,89.13,91.5,92.36,91.5,94.75,94
84,89.41,85.58,87.46,89.61,87.46,94.5,82
87.25,90.56,88,90.33,90.92,90.33,95,94
85.75,86.25,83,89.79,90.78,89.79,92.75,92
91,92.96,86.21,89.54,90.5,89.54,91.75,92
88,88.56,86.04,92.25,91.78,92.25,93.75,96
84.5,82.58,85.81,84.33,88,84.33,90.25,92
90.75,92.31,90.13,90,93.75,90,91.5,96
86.25,88.38,89.08,89,91.06,89,91.5,90
88.25,89.69,89.44,88.19,91.56,88.19,92,90
90.5,90.67,86.56,88.58,92.42,88.58,90.5,94
83.5,84.47,85.21,88.5,90,88.5,91,84
88.25,90.63,87.81,88.08,92.25,88.08,91.25,92
88.25,89.31,83.06,84.75,88.67,84.75,94.25,96
87,91.81,86.19,84.71,93.08,84.71,94.25,82
89.5,88.63,85.21,92.08,92.97,92.08,92.5,94
87.25,89.17,87.38,91,93.06,91,93.5,86
90.5,93.75,85.92,87.67,92.85,87.67,92.25,90
83.25,87.18,88.69,90.13,88.56,90.13,94.75,90
84.75,87.13,86.02,84.75,90.06,84.75,95.5,90
91,88.75,91.5,90.29,91.8,90.29,93.75,92
88.25,92.29,84.5,88.83,91.17,88.83,93.75,88
92.25,93.13,91.92,89.63,93.33,89.63,94.75,92
87.75,90.54,88.67,90.92,94.36,90.92,91.5,92
92.25,96.63,90.08,91.96,93.08,91.96,92,90
81.5,83.5,84.08,87.92,91.33,87.92,94.75,96
88,87.69,85.25,97.75,91.56,97.75,95.75,88
92.25,92.5,84.67,90.25,92.86,90.25,94.75,90
90.25,91.29,85.67,89.5,92.72,89.5,95.5,90
87.25,93.44,88.56,85.96,91.33,85.96,94.5,94
86.5,94.63,88.42,87.92,92.28,87.92,94,90
90.05,91.08,83.71,87.42,86.97,87.42,93,96
88.25,91.44,86.17,90.17,88.11,90.17,93.25,94
85,84.08,86.38,92.21,91,92.21,91.25,86
85.25,88.31,87.79,85.17,89.22,85.17,92.75,86
86.25,86.88,85.81,90.71,94.78,90.71,90,88
85.25,86.93,84.13,86.63,89.81,86.63,95,86
82,84.75,82.13,85.33,90.89,85.33,93.75,94
86,86.56,84.17,90.58,93.22,90.58,93.75,86
87.75,90.29,85.63,86.88,90.11,86.88,90.75,90
85.25,89.25,85.75,91.08,91.83,91.08,91.25,86
88,87.46,84.5,86.08,89.83,86.08,93,92
86.5,91.78,88.83,87.92,90.03,87.92,94.5,88
88.75,89.25,86.58,89.13,85.64,89.13,93.75,92
88,89.83,84.42,88.42,90.28,88.42,94.75,84
85.25,86.13,84,90.67,91.06,90.67,95.25,82
89,90.67,85.29,89.08,89.89,89.08,90.5,84
87.5,84.38,85.94,87.75,93.14,87.75,95.75,86
88.5,87.54,87.69,89.71,91.56,89.71,95.5,88
82,84.63,87.25,86.88,91.44,86.88,96.5,82
88.75,87.88,84,85.04,91.83,85.04,93.5,86
84.5,90.94,90.02,86.35,90.83,86.35,96.5,90
84.5,88.51,86.31,88.13,90.56,88.13,95,90
94,94.69,86.54,91.75,91.89,91.75,95.25,78
91.5,90.94,85.08,90.13,90.69,90.13,93.25,90
89.25,90.06,90.96,92.83,92.08,92.83,93.25,92
87.5,82.83,89.38,90.38,90.64,90.38,97.75,88
91,94.75,87.17,91.92,92.92,91.92,97.75,90
87.25,87.38,85,90.13,90.86,90.13,96.25,86
89.5,92.88,85.63,85.63,91.08,85.63,95.25,90
85.25,87.68,84.63,89.46,92.08,89.46,96.25,84
90.25,92,82.29,91.25,89.94,91.25,96.25,86
91.5,92.96,86.5,90.08,91.75,90.08,96.5,86
89.5,91.13,87.21,86.33,89.81,86.33,96,82
93.5,93.58,84.29,89.08,90.58,89.08,95.75,88
83.75,86.84,86.06,87.09,88.08,87.09,95.25,80
84.5,87.13,87.67,89.46,90.72,89.46,95,84
83.25,83.88,85.67,87.42,93.31,87.42,96,84
89.25,84.66,85.38,84.75,90.44,84.75,94,82
87.5,87.44,87.42,89.71,90.17,89.71,95.5,92
88.75,89.17,86.38,87.17,86.21,87.17,93.75,86
89,88.63,90.13,90.63,88.47,90.63,93.25,78
86.25,88.03,86.1,85.31,86.06,85.31,94.25,78
93,88.63,89.06,89.71,90.07,89.71,94.25,82
91.75,94.13,87.63,92.75,88.18,92.75,96,86
86.19,86.19,87.38,88.92,87.51,88.92,94.75,70
94,94.33,89.56,89.08,88.83,89.08,96.5,86
87.25,93,86,88.96,86.76,88.96,91.5,90
85.75,84.63,84.44,86.92,87.96,86.92,92.5,76
85.5,89.97,86.5,86.79,89.17,86.79,91.75,96
83.25,86.63,88.38,90.71,89.18,90.71,90,84
95,95.33,86.67,90.25,90.97,90.25,90.25,94
85,87.75,84.54,91.5,88.4,91.5,93,88
92,92.75,88.71,88.54,85.17,88.54,95.25,96
84.25,83.13,86.75,92.83,86.76,92.83,92.25,90
85,87.08,84.79,84.33,85.19,84.33,92.5,94
85,84.88,86.5,86.65,88.03,86.65,92.75,82
85,88.19,86.85,86.5,88.21,86.5,94,88
89,92.35,88.06,93.25,88.99,93.25,94.5,82
88,87.63,84.38,87.08,89.53,87.08,92.5,92
89,94,88.54,92.28,90.17,92.28,92.25,88
88.75,90.25,87.25,89.83,89.47,89.83,92.5,94
87.75,88.43,84.75,84.83,88.85,84.83,93.5,90
91.25,89.63,86.56,87.58,87.99,87.58,93.5,96
89,91.21,90.58,90.58,89.67,90.58,91,92
93.25,93.17,86.38,89.25,87.74,89.25,94.75,92
94.5,95.29,82.75,90.75,93.04,90.75,93.25,94
89,87.63,87.88,91.79,84.26,91.79,94.75,90
84.5,86.67,85.73,84.48,85.58,84.48,92.5,82
86.5,92.53,89.38,89.92,86.56,89.92,94.25,90
84.75,83.67,89.31,90.77,85.76,90.77,97,84
83,83.25,90.38,91.83,87.49,91.83,94.25,92
85.75,86.13,88.38,92.63,89.08,92.63,94.25,94
86.5,91.63,85,87.5,85.04,87.5,96.25,88
82,88.51,84.94,89.5,86.5,89.5,96.25,90
90.5,93.5,89.92,92,90.49,92,96.5,90
91.75,90.81,84.42,89,89.88,89,95,86
87,86.56,83.63,88.5,86.25,88.5,92.75,86
88,83.67,86.94,87.42,85.67,87.42,93.25,88
93.5,92,87.29,91.92,87.6,91.92,91.5,84
87.25,92.44,90.65,89.31,90.03,89.31,92.75,84
87.75,90.66,84.83,90.25,87.06,90.25,92,82
87.75,86.75,89.17,92.75,87.57,92.75,93.75,86
83.75,86.08,87.31,87.17,87.07,87.17,93.75,84
88,90.69,84.67,89.75,87.68,89.75,91.25,84
88.5,90.75,86.58,89.25,88.28,89.25,93.75,74
87,87.19,83.56,85.29,85.96,85.29,93.5,84
87.75,91.38,90.67,94.96,87.35,94.96,90.5,80
90.75,91.67,83.25,89.42,86.07,89.42,90.5,88
91.5,91.75,81.67,90.21,85.64,90.21,91.25,94
90.75,91.79,85.96,88.5,87.93,88.5,90.5,88
88.5,90.38,90.19,89.83,87.43,89.83,93,86
88.25,87.68,86.13,86.63,88.19,86.63,90.25,86
89.5,82.02,87.25,87.35,88.44,87.35,92.5,82
88.75,90,86.79,88.92,89.82,88.92,92.75,84
84.25,84.97,83.67,85.11,85.08,85.11,93.25,80
87,87.54,83,84.75,86.58,84.75,92.5,82
89.5,86.63,87.79,87.58,89.35,87.58,92.75,86
87,82,91.15,88.33,87.79,88.33,94.5,88
91,92.79,89.25,89.77,86.26,89.77,92,92
87.75,86.88,87,90.92,89.67,90.92,92.5,86
92.25,93.04,85,88.58,88.04,88.58,96.25,70
86.5,88.75,88.46,89.33,88.67,89.33,91.5,84
86.5,91.94,90.85,89.81,92.67,89.81,90.5,88
90,91.13,88.33,89.5,90.61,89.5,93.75,84
88.5,90.19,87.44,88.6,91.53,88.6,92.5,92
88.75,88.33,88.25,89,91.54,89,91.25,84
82,83.54,85.69,87.38,89.9,87.38,91.75,96
84.5,88.88,83.31,86.63,85.03,86.63,91.5,82
89.5,94.5,88.38,89.42,87.13,89.42,91.75,86
91,94.94,87.21,89.21,94.17,89.21,93.5,88
89.5,92.44,86.88,87.35,87.13,87.35,94.5,88
90,89.44,88.56,89.17,89.79,89.17,92.25,88
93,93.82,89.69,93.21,91.19,93.21,92.75,94
85,86.42,86.13,86,86,86,92,76
92.25,92.11,89.75,94.25,92.67,94.25,93.5,90
85.75,84.79,90.13,92.79,92.17,92.79,95.25,88
83.25,89.23,84.44,87.58,90.39,87.58,92.25,88
90.25,90.83,86.54,87.13,90.61,87.13,91.75,92
88.25,92.29,90.94,92.71,92,92.71,93,94
82,83,82.75,86.8,90.33,86.8,91,84
87,87.56,88.08,87.83,92,87.83,91,84
90.25,92.27,88.5,90.96,92.17,90.96,91.5,86
86.5,89.31,83.5,91.42,92.44,91.42,94.5,84
85.75,91.85,88.94,92.63,92.17,92.63,92.75,84
95.5,96.38,90.13,91.38,92.72,91.38,93,84
83.25,83.31,83.94,85.92,89.67,85.92,92.5,84
83.25,86.78,86.69,86.88,92.6,86.88,93.75,84
88,90.08,86.04,89.17,90.61,89.17,91.75,88
86.5,92.29,86.38,88.46,91.67,88.46,88.75,84
86.25,86.1,88.31,92.04,91.36,92.04,92.25,90
83.5,87.38,89.25,89.54,89.94,89.54,93.5,86
83.25,83.47,81.75,84.75,88.72,84.75,92.5,78
90,91.13,82.46,87.82,88.44,87.82,89.5,88
88.75,89.5,81.04,86.08,89.17,86.08,91,76
89,89.04,5.67,88.67,91.61,88.67,92.5,84
87,92.04,84.75,85.67,88,85.67,93.5,82
83.25,84.41,83.44,84.9,89.86,84.9,92,80
86,86.33,93.33,88.08,91.92,88.08,92.75,90
85.5,89,85.21,87.75,89.33,87.75,90,78
88.25,89.24,91.81,91.83,92.67,91.83,94.75,90
85.75,90.19,86.28,85.54,93.47,85.54,95,82
84.28,89.93,86.13,90,91.92,90,91.75,86
89,89.83,91.56,92.63,92.17,92.63,95,84
91,92.29,88.44,87.38,91.89,87.38,94.5,96
85.75,88.38,81.54,88.63,90.33,88.63,91.75,82
90.5,89.49,88.19,90.46,92.19,90.46,92.5,90
91.75,89.33,85.67,88.33,91.25,88.33,93.5,86
84.75,84.92,83.67,91.61,92.5,91.61,91.75,92
81.75,82.75,87.25,89.25,91.36,89.25,96.75,82
88,91.84,87.94,91.79,89.97,91.79,95.25,90
80.75,83.38,82.96,83.13,89.72,83.13,96.5,90
89.5,90.71,85.19,86.4,92.56,86.4,97.25,82
90,89.38,88.5,91.5,92.25,91.5,96.5,84
87.75,95.63,88.81,89.21,91.75,89.21,97.25,94
89.25,93.38,89.75,91.75,91.28,91.75,94.25,92
86.25,84.08,84.04,89.17,91.14,89.17,94.25,92
90,92.13,83,87.48,92,87.48,95.5,96
91.25,91.58,87.27,87.06,91.61,87.06,96.5,90
89,91.04,84.79,87.25,91.92,87.25,95,90
83.75,92.38,85.78,87.08,90.11,87.08,92.75,88
82,83,85.5,86.42,91.38,86.42,96.5,84
85.5,84.56,85.38,87.29,91,87.29,93.5,88
88,89.88,83,88.83,92.17,88.83,94.5,86
90.5,83,92.17,83,91.39,83,94.75,88
87,84.47,86.19,85.83,91.33,85.83,93.5,86
84,83.94,84.67,84.15,91.5,84.15,94.25,78
90.5,87.88,91,91.21,93.22,91.21,94,90
87.5,92.88,93.19,94.25,92.11,94.25,92.75,92
94,95.28,88.88,86.63,92.72,86.63,94.5,94
91.25,92.88,91.63,91.54,91.78,91.54,95.75,88
84.25,81.96,87.56,88.35,90.22,88.35,90.5,94
86.5,88.67,86.63,87.67,92.78,87.67,93.5,92
84.75,85.25,84.17,86.96,89.92,86.96,94.25,90
92,91.79,82.79,88.92,90.11,88.92,93.75,96
87,89.17,85.94,87.71,92,87.71,91,92
90,90.79,88.29,85.54,91.11,85.54,91.25,94
92.5,88.88,87.88,88.67,92.83,88.67,94.5,94
87.25,90.64,87.38,87.71,91.58,87.71,93.5,96
90.25,87.13,91.44,92.17,92.67,92.17,93.75,94
86.75,87.19,91.52,90.9,93.83,90.9,91,98
85.25,92.13,88.56,90.08,93.42,90.08,91.75,94
87.5,93.13,87.88,90.04,93.58,90.04,95.25,96
88.75,94.19,85.63,91.79,92.11,91.79,92.75,94
83.25,85.81,86.94,90.75,91.83,90.75,93.25,90
85.75,88.69,87.29,84.88,92.17,84.88,91.75,86
86.75,86.13,90.25,90.63,91.5,90.63,94,98
90.25,91.21,87.33,92.38,90.58,92.38,92,92
86.5,88.63,83,85.25,90.69,85.25,92.75,94
89,89.9,82.38,86.2,93.22,86.2,92.25,90
90.75,93.5,82.33,86.5,90.22,86.5,93,94
90.75,88.25,90.67,82.7,82.7,82.7,93.5,86
84,84.21,89.54,87.08,88.67,87.08,94.25,94
90.75,91.7,87.33,89.17,87.08,89.17,91,84
88,88.25,88,87.46,96,87.46,91.5,96
82,84,83.5,86.5,91.56,86.5,90.5,84
90,92.25,92.25,91.17,90.22,91.17,93.25,92
87.75,87.75,86.8,86.8,86.8,86.8,93.75,92
88,88.25,88,87.46,96,87.46,92.75,94
92,84,83.5,86.5,91.56,86.5,93.5,92
90.75,92.25,92.25,91.17,90.22,91.17,93.75,96
87.75,87.75,86.8,86.8,96,86.8,93.25,92
82,88.8,83.5,86.5,91.56,86.5,94,86
90,92.25,92.25,91.17,90.22,91.17,92.75,80
87.75,87.75,86.8,86.8,86.8,86.8,96,90
90.75,93.5,82.33,86.5,90.22,86.5,94.75,90
90.75,88.25,90.67,82.7,82.7,82.7,92.25,86
84,84.21,89.54,87.08,88.67,87.08,93.5,88
90.75,91.7,87.33,89.17,87.08,89.17,95.25,90
88,88.25,88,87.46,96,87.46,92.25,92
82,84,83.5,86.5,91.56,86.5,93.75,90
90,92.25,92.25,91.17,90.22,91.17,95.25,94
87.75,87.75,86.8,86.8,86.8,86.8,95.25,88
90.75,93.5,82.33,86.5,90.22,86.5,93.75,90
90.75,88.25,90.67,82.7,82.7,82.7,93.5,90
84,84.21,89.54,87.08,88.67,87.08,95.5,94
84,88.25,88.25,88,86.8,88,95.25,94
90,84,84,83.5,86.5,83.5,93.5,88
91,90.75,87.25,88.69,92.67,88.69,91,96
84,84.21,89.54,87.08,88.67,87.08,91.25,90
88.25,88.25,88.25,88,86.8,88,92,90
84,84,84,83.5,86.5,83.5,93,92
86.25,85,87.25,84,90.83,84,94.5,92
87,86.88,88.25,88,86.8,88,95,94
90,92.25,92.25,91.17,90.22,91.17,93,78
86,87.38,86.94,86.19,92.61,86.19,94,88
88,87.56,88.06,89.88,91.36,89.88,93.25,92
93.25,94.21,86.44,88.63,92.56,88.63,93.5,86
89,87.33,91.44,89.58,94.67,89.58,94.5,98
91.5,86.42,90.13,90.48,93.94,90.48,94.5,86
95.25,96.17,91.19,92.5,94.06,92.5,93.25,98
89.75,87,89.63,91.94,91.61,91.94,96,86
94.25,95.63,90.67,90.67,91.89,90.67,96.25,100
90.5,85.79,90,92.13,92.36,92.13,95.25,84
86.75,90.04,80.92,90.65,94.67,90.65,94.5,94
94,91.31,87.38,91.25,91.61,91.25,96.25,88
94.75,92.38,88.5,89.21,93.58,89.21,96,94
92.5,86.25,90,92.21,92.67,92.21,93.75,84
93.75,97.25,85.94,92.46,96.25,92.46,97,84
87,88.67,86.31,88.23,91.56,88.23,93,82
91.75,92.58,84.94,88.67,90.81,88.67,94.5,86
91.5,91.67,89.69,92.13,93.56,92.13,96.5,90
85.5,86.54,86.13,87.35,91.28,87.35,95,92
91.5,89.63,90,91.08,91.83,91.08,96.75,82
86.5,84.25,86.38,86.81,94.66,86.81,95.25,96
87,86.17,88.63,90.44,94.39,90.44,97,88
89.5,94.13,88.31,87.17,94.39,87.17,96.25,92
90.25,83.96,88.81,89.83,94.78,89.83,94.5,86
87.5,82.92,85.06,89.9,91.28,89.9,96,94
87.75,83.75,84.38,87.58,93.33,87.58,93.5,86
88.75,90.63,83,88.33,92.22,88.33,93,94
86.25,90,86.63,90.67,92.72,90.67,95.25,88
91,90.96,85.92,87.67,91.67,87.67,96,94
92.75,94.29,86.06,87.13,92.17,87.13,96.75,86
86.25,83.96,89.56,91.42,92.28,91.42,95.25,96
92.5,86.88,90.63,91.77,94.56,91.77,95.5,94
86.25,86.71,91.5,93.04,94.19,93.04,94.25,92
86.5,84.83,89.06,90.35,92.03,90.35,95.25,92
90.25,84.54,90.88,89.71,94.81,89.71,93.75,88
90.75,88.83,91.56,91.81,94.5,91.81,95.5,92
88,89.46,86.88,90.17,94.47,90.17,94.25,90
88.25,86.54,87.44,90.23,92.42,90.23,94.75,90
90,88.75,89.44,91.88,93.17,91.88,96.5,94
88.625,85.4,83.45,83.6,90,89,94.2,78
83.625,84.55,82,83.71666667,91,89,92.4,70
83.875,85.05,84.55,86.9,90,90,93.6,84
86.1875,84.95,82.93333333,84.09166667,89,89,94.8,78
85.375,85.65,85.475,85.88333333,90,90,91.2,88
89.16666667,91.8,84.45,86.35,92,95,96.6,94
84.5625,85.2,83.58333333,84.65,88,89,92.4,88
84.5,86.25,83.425,87.11666667,92,93,96.4,88
84.5,84.95,84.53333333,84.56666667,88,92,93,90
84.9375,85.3,84.56666667,84.56666667,90,93,92.8,68
89.14583333,82.55,84.58333333,86.5,92,92,92.8,84
84.1875,84.7,85.2,86.69166667,90,92,93.2,88
86.875,84.8,85.58333333,86.26666667,94,94,95.4,88
83.625,89.83333333,83.75,84.25,89,94,96.4,90
85.375,85.8,84.65,85.26666667,91,94,96,78
87.625,85.5,83.75,84.86666667,93,90,93,84
90,85.76666667,82.56666667,83.26666667,89,93,97.2,84
83.375,83.8,84.66666667,83.15,93,89,95.8,72
82.875,83.3,82,81.5,89,88,95.4,68
89.75,90.45,91.225,91.5,89,95,97.2,94
91.47916667,82.5,82.66666667,84.24166667,93,89,95.4,90
85.0625,84.65,86.125,88.03333333,91,93,93.4,84
86.4375,86.8,89.95,87.83333333,90,93,96.4,92
84.625,84.65,86.375,86.7,92,93,94.8,68
89.29166667,85,86.15,87.55,88,93,95.4,78
87.3125,86.25,90.075,89.61666667,91,93,96.6,82
86.375,86.95,86.25,88.35,93,92,96,90
88.4375,86.75,90.975,89.86666667,93,92,97.8,88
83.16666667,83.25,83.76666667,83.96666667,92,92,95.2,86
88.08333333,91.1,85.8,83.44166667,92,94,94.8,74
88.2,89.6,88.91666667,86.45833333,90,93,94.2,78
86.8125,86,82.36666667,84.20833333,89,91,94,76
84.625,84.15,82.9,83.3,88,89,94,82
86.875,86.75,88.25,87.83333333,91,94,94.6,76
85.1875,86.25,85.36666667,86.53333333,91,93,97.2,84
85.125,84.3,88.4,85.96666667,92,94,95.2,74
91.16666667,96.6,89.35,91.9,95,95,97,98
87.0625,84.55,83.38333333,87.41666667,92,93,96.4,82
82.75,84.2,83.26666667,83.53333333,87,89,92.4,72
85.5625,83,84.15,86.08333333,91,94,97,74
84.625,87.95,85.55,86.21666667,93,93,97.2,84
86.9375,87.05,88.1,88.65,91,94,96.4,72
89.58333333,87.85,85.65,86.33333333,91,94,96.4,82
88.5625,88.4,91.35,89.85,94,95,96.6,92
85,86.98333333,84.55,86.03333333,90,93,93,72
84.5625,84.7,83.43333333,84.73333333,90,91,93.6,88
83.4375,83.75,82,82.28333333,89,89,92.4,80
89.04166667,84.75,90.575,85.66666667,90,95,97,88
86.9375,85.05,85.175,88.55,93,94,97,94
84.9375,84.8,83.9,85.58333333,94,93,96,88
84.4375,84.3,82.76666667,82.98333333,90,88,92.4,48
82.6875,83.15,85.45,83.25,89,90,91.6,64
88.8125,85.05,90.175,90.98333333,92,91,96.4,86
85,83.41666667,83.11666667,82.98333333,89,92,94.2,88
84.1875,84.35,85.56666667,86.06666667,91,95,93,84
84.8125,85.75,86.23333333,84.33333333,89,89,94.6,72
84.5,84.3,82.9,83.1,90,90,93,66
88,85.4,86.65,87.425,92,93,95.4,94
84.9375,86.05,83.15,84.5,89,92,95.8,84
89.60416667,85.55,84.4,85.61666667,92,94,97.8,92
84.625,86.7,83.63333333,84.63333333,93,93,95.4,86
86.5625,84,83.28333333,82.81666667,87,89,97,72
83.9375,85.95,83.06666667,83.48333333,87,89,94.8,84
83.25,84.9,85.63333333,84.58333333,87,93,95.8,80
83.9375,87.4,85.53333333,85.18333333,88,94,95.2,90
83.91666667,84.45,84.41666667,85.75,88,94,94.8,94
85.1875,86.75,85.85,86.6,88,91,96.6,88
83.25,83.7,83.1,84,87,90,93.6,82
84.4375,88.4,87.26666667,87.68333333,87,93,95.4,86
84.75,84,83.48333333,84.05,86,90,93.6,76
91.1875,85.13333333,87,90.85,88,94,97,90
90.375,95.25,88.43333333,89.58333333,90,94,97,94
84.1875,84.15,84.63333333,86.33333333,87,89,96.4,90
92.5625,85.46666667,87.65,89.1,87,92,97,92
83.5,83.8,83.78333333,83.58333333,86,89,94.8,70
87.875,85.3,82.38333333,82.16666667,87,91,96.4,82
88.4375,86.6,86.025,88.78333333,87,91,93.6,78
83.9375,84.9,85.55,86.13333333,87,92,95.8,90
83.5625,83.75,82,81.5,87,88,91.2,76
83.375,85.76666667,83.33333333,82.95,87,91,94.8,86
91.41666667,85.85,83.3,83.21666667,87,93,94.8,86
84.625,83.45,85.25,85.51666667,86,89,92.6,80
85.9375,86.45,83,83.9,87,91,95.2,78
91.875,85.05,90.25,89.15,87,93,96.6,88
84.8125,84.45,87.81666667,87.2,87,89,94.4,78
85.9375,86.05,84.58333333,85.5,90,91,94.8,80
84.9375,85.2,82.85,82.55,87,89,92.8,80
84.875,84.5,83.53333333,82.43333333,86,90,95,86
90.65,88.98333333,90.875,88.36666667,87,89,96.2,96
86.4,84.91666667,88.31666667,86.18333333,88,90,96.2,82
86.10416667,84,84.73333333,86.48333333,87,90,93.4,86
84.66666667,85.9,89.275,89.06666667,87,90,95.8,78
83.875,84.46666667,83.38333333,83.56666667,87,90,96,80
86.1875,84.4,84.56666667,85.38333333,88,92,94.8,84
84.5625,84.35,83.13333333,83.5,88,90,96,78
86.1875,84.85,83.38333333,83.88333333,88,90,95.2,78
86.4375,87.95,89.75,88.6,87,92,94.8,80
85.5,86.15,85.78333333,87.7,88,94,95.8,92
83.375,83.16666667,86.35,83.73333333,87,89,92.8,72
91.75,90.55,84.7,89.6,87,93,94.8,68
83.875,84,87.75,88.35,89,92,95.2,52
83.5,83.35,83.35,83.38333333,86,90,93.4,80
82.6875,83.5,82.83333333,83.25,87,89,91.6,68
84.3125,84.7,86.23333333,85.7,89,92,96,78
83.25,83.13333333,82.3,82.18333333,87,88,93.4,54
81,82.83333333,89.5,84.2,87,89,95.8,60
89.75,86.48333333,85.55,88.95,90,92,97.6,82
82.6875,82,82.275,82.35,86,88,90.4,46
86.0625,85.8,84.51666667,85.06666667,90,95,96.4,88
89.0625,86.45,86.36666667,86.71666667,89,93,95.8,78
90.1875,88.15,87.975,86.78333333,87,93,95.2,80
85,85.3,83.03333333,87.175,87,91,94.8,72
84.875,85.51666667,82.9,83.58333333,88,92,93.6,62
84.5625,84.85,83.26666667,82.86666667,87,93,96.6,88
84.6875,84.2,86.5,86.9,87,92,95.8,86
83.875,83.9,84.88333333,84.33333333,87,91,96.4,74
92.95833333,82.75,85.625,87.6,88,92,96.6,92
83.6875,85.4,83.8,83.7,87,92,97.2,84
84.9375,86.25,85.46666667,85.9,87,90,94.8,82
84.5625,83.9,84.36666667,84.96666667,87,89,95.2,78
84.375,84.9,82.7,84.14166667,87,94,96.6,84
86.0625,86.35,86.75,87.11666667,89,91,97.2,86
86.875,85.95,86.96666667,87.73333333,89,94,97.2,86
81.75,82.23333333,83.725,85.6,86,88,91.2,60
85.6875,84.75,87.825,86.93333333,86,89,91.2,82
85.5,85.6,84.35,85.53333333,87,93,93.4,84
85.0625,86.25,86.5,88.8,91,96,95.2,84
84,84.55,89.525,89.36666667,87,88,93.6,78
91.0625,85.4,87.1,89.2,89,93,93,68
84.8125,85.8,84.98333333,88.00833333,89,93,96.4,90
86,86,84.23333333,86.35833333,89,92,94.8,78
85.375,85.3,90.7,89.7,88,89,93.6,88
85.54166667,84.45,83.05,83.8,86,89,92.2,64
85.375,85.85,88.1,87.8,88,89,91.6,90
84,84.2,84.81666667,85.66666667,86,89,92.4,60
90.5,92.55,84.71666667,85.48333333,87,90,92.8,78
81,82.3,82.11666667,81.5,86,88,92.4,60
86.6875,84.05,86,81.5,87,89,92.4,82
85.8125,85.3,87.15,87.23333333,87,89,94.2,78
89.58333333,87.1,89.18333333,87.95,91,94,97.2,80
87.08333333,84.6,83.03333333,84.70833333,87,89,93.6,78
84.5,85.15,84.6,82.8,86,90,94.2,74
82.5,82.56666667,85.45,85.3,87,91,93.6,80
83.8125,86.3,85.35,86.5,87,92,95.2,80
84.5625,89.5,82.71666667,83.73333333,86,89,92.8,72
81,82.06666667,82.6,82.7,87,89,93.4,58
85.25,84.35,82.53333333,82.91666667,87,89,93,66
86.4375,83,83.35,84.175,86,89,92.8,60
89.375,84.75,86.85,88,87,89,93,62
84.625,85.5,82.73333333,84.73333333,87,90,92.8,74
83.8125,85.6,85.7,86.03333333,87,89,91.6,62
90.125,86.9,85.65,86.51666667,87,92,94.2,80
92.5,84.8,85.76666667,87.06666667,87,92,94.8,80
85,86.55,84.75,85.65,89,93,94.8,82
83,83.85,82.85,83.1,87,88,91.8,66
83.1875,82.56666667,83.16666667,83.43333333,88,86,93.2,70
84.0625,83.66666667,83.41666667,84,88,86,93.6,64
85.6875,84.56666667,89.775,88.4,92,91,95.2,86
86.625,87.75,88.85,89.2,90,91,94.8,78
84.875,85.3,83.5,85.26666667,88,90,94.4,80
84.97916667,84.55,82.6,84.85,91,86,92.4,64
91.58333333,87.1,86.35,87.55,91,91,95.2,82
87.875,85.15,85.13333333,88.21666667,92,94,96.4,72
86.1875,85.65,87.5,87.75,87,90,96,84
88.3125,83.66666667,86.45,87.01666667,88,92,97.2,82
89.04166667,88.25,87.88333333,87.825,90,91,94,84
88.70833333,91,86,87.26666667,87,91,95.2,78
83.75,83.9,84.3,85.3,87,88,93.6,88
83.75,84.2,83.15,79.5,88,89,93.2,72
91.5625,84.75,83.9,84.31666667,87,89,94.4,82
82.875,83,82,82,88,89,91.2,66
82.9375,83.6,82.85,84.7,87,90,94,64
86.375,84.55,83.78333333,83.61666667,88,89,92.8,80
83.9375,84.7,83.83333333,85.05,91,90,96,62
92.83333333,92.6,84.83333333,83.98333333,90,90,96,76
84.375,85.45,84.61666667,85.2,90,91,95.2,78
86.875,88.1,86,88.25,90,88,94,84
87.4375,87.23333333,85.8,84.88333333,89,89,96,82
83.625,85.3,83.43333333,84.4,89,87,96,70
84.875,86.2,84.55,86.11666667,90,89,94,88
92.75,87.55,86.73333333,90.25,91,89,96.4,80
93.58333333,92.8,89.7,89.63333333,91,90,96.4,74
83.3125,83.15,78.55,72.63333333,87,86,90,72
84.22916667,82.5,89.825,86.38333333,87,89,93.6,80
85.5,83.6,83.35,84.71666667,87,87,92.4,78
84.125,85.7,84.31666667,86.85,90,88,93.6,86
85.25,83.7,83.5,82.96666667,91,87,91.6,62
87.75,86.05,83.65,83.98333333,87,89,92.4,88
84.1875,83.35,83.75,82.55,87,88,91.2,56
84.6875,86.55,83.36666667,84.01666667,88,91,96.4,92
84,85.5,82.75,83.925,87,88,91.2,74
82.5,82.5,82,82,87,86,90.4,78
85.8125,84.95,86.475,89.28333333,92,91,96.4,90
85.25,83.15,82.26666667,83.68333333,87,88,91.6,70
90.5,93.31666667,90.05,91.1,96,92,97,76
89.04166667,84.5,86.075,90.36666667,90,90,96.4,86
82.66666667,82.15,83.55,82.46666667,87,86,90,82
86.6875,84.15,83,83,87,86,90,86
84.0625,86.4,84.56666667,83.2,87,88,92.8,86
84.625,86.95,84.6,84.46666667,89,90,96.4,88
83.5,85.45,83.1,84.4,87,87,91.2,72
82.79166667,83.25,82.43333333,82.45,87,87,91.2,64
86.4375,85.5,83.43333333,83.83333333,87,88,92.4,80
84.875,83.9,82.8,82.56666667,87,87,91.2,74
86.6875,87.45,85.78333333,85.68333333,91,91,96,84
84.875,87.2,84.68333333,85.9,91,92,96,86
87.5625,84.55,87.95,86.35,89,92,96,86
85.6875,83.65,86.45,86.65,89,90,94,84
85.125,86.55,88.65,88.05,88,89,94,76
84.4375,84.85,89.825,87.25,88,89,94,84
86.625,86.43333333,84.56666667,86.58333333,91,90,94,80
84.5625,83.3,82.2,84.3,87,86,90.8,74
85.25,83.35,83.75,83.81666667,87,86,90.8,72
87.25,87.4,84.75,85.33333333,87,88,94,70
86.3125,84.8,82.93333333,82.98333333,87,89,94.6,76
87.4375,90,84.7,86.65833333,92,89,97.2,90
84.6875,85.3,82.75,83.78333333,88,88,94,50
88.375,84.95,88,90.25,91,91,96,94
82.625,82.15,85.55,82,86,88,90.4,82
87,84.55,84.5,86.6,90,89,94.8,82
84.9375,84.95,89.05,92.05,92,89,95.8,96
82.3125,85.3,82.93333333,82.45,89,89,94.8,66
84,83.95,86.03333333,88.05,91,89,95.4,82
87.625,84.2,86.6,86.66666667,91,90,96.4,70
85.875,85,84.2,87.4,91,90,96.4,74
84.125,84.45,82,82.1,88,88,93.4,74
83.3125,84.7,84.75,84.05,90,89,94.6,76
86.375,84.06666667,84.55,86.38333333,92,89,96,72
83.6875,84.5,82.76666667,82.3,87,87,94.2,80
88.75,85.3,84.5,86.18333333,93,89,96.8,82
85.4375,86.4,85.56666667,86.1,91,89,96.8,96
88.0625,85.8,86.15,89.76666667,92,89,95.8,82
83.1875,85,83.68333333,83.125,89,89,94.6,76
83,87.21666667,84.3,85.11666667,88,89,94.2,78
85.0625,83.95,82.75,84.25,88,88,93,80
83.375,85.9,85.3,87.03333333,87,88,93,72
83.8125,82.5,82.26666667,81.74166667,89,89,92.8,60
85.375,87.4,82.91666667,82.41666667,86,89,93.4,80
87.1875,87.25,86.95,83.85,90,90,96.4,86
89.8125,83.5,82.65,82.46666667,89,88,93.4,64
83.8125,85.6,82,81.575,86,88,93,74
84,85.15,86.25,82.05,87,88,92.4,72
86.9375,87,86.6,87.23333333,92,90,96.4,78
87.75,84.95,82.95,83.9,90,88,95.4,78
83.375,84.5,82.13333333,82.08333333,87,88,93,78
85.5625,84,83.525,82.73333333,87,88,92.8,68
83.5625,84.1,84.41666667,83.85,90,88,93.4,84
87.875,85.2,87.48333333,87.21666667,92,89,97.2,88
88.75,82.65,83.21666667,83.93333333,88,88,94,80
88.47916667,90.2,84.35,88.01666667,90,89,97.2,86
85.125,84.95,85.6,86.5,90,89,97.6,84
85.25,85.8,88.45,86.66666667,92,89,96,90
83.25,84.4,86.475,85.76666667,89,89,94,64
90.75,88.16666667,88.9,88.9,90,89,97.2,92
85.375,85.85,84.81666667,86.13333333,91,89,96,82
85.3125,83.9,82.93333333,83.48333333,88,88,94.6,80
88.4375,84.1,84.06666667,84.63333333,87,88,96,80
85.9375,86.15,82.26666667,81.7,88,88,94,72
84.4375,86.35,83.13333333,83.38333333,87,88,96,88
84.25,86.1,86.16666667,83.94166667,88,88,94,78
84.1875,85.3,82.15,83.075,86,88,94,76
85.3125,84.7,86.16666667,83.50833333,88,89,95.2,80
91.60416667,84.75,82.73333333,84.01666667,88,89,96.4,82
82,85.53333333,89.275,84.38333333,88,88,94,86
85,86.95,84.05,84.4,88,89,95.4,84
85.97916667,91.3,87.05,86.35,89,89,96,88
82.25,82.38333333,82,82,88,89,94.6,74
94.7,90.43333333,88.65,90.3,89,89,97.2,86
86.6875,84.26666667,84.35,84.4,89,90,96,74
85,83.93333333,87.3,87.63333333,88,89,93.4,80
86.875,84.2,82.9,83.16666667,87,88,94.2,84
92.02083333,94.1,88.9,90.25,91,90,97.2,92
88.4375,85.56666667,83.41666667,84.83333333,91,90,96,88
83.47916667,84.15,82.85,84.5,88,87,91.4,76
86.60416667,84.55,85,84.05,88,88,92.6,82
84.0625,82.3,82.4,81.85,87,87,93.2,60
83.5625,83.25,85.65,83.35,88,87,90.4,70
88,84.95,89.05,87.85,92,94,95.4,80
83.91666667,82,86.15,87.1,90,92,90.8,80
91.3125,92.8,87.63333333,88.31666667,91,90,95.6,82
82.75,82.13333333,82.45,83.35,88,88,91,74
91.45833333,87.05,83.53333333,84.88333333,89,89,91.4,80
83.6875,83.2,83.5,85.1,88,89,91.4,82
82.66666667,86.45,82.36666667,84.85833333,87,86,92.8,80
85.9375,86.4,90.2,93,94,94,95.4,88
84.1875,84.35,87.23333333,84.48333333,93,94,95,82
86.75,85.7,87.55,89,94,95,95.6,88
84.8125,85.95,83.73333333,86.25,87,88,92.4,86
87.0625,82.4,83.41666667,84.05,88,87,92.8,86
90.54166667,89.25,83.78333333,85.83333333,90,89,93,90
85.25,82.63333333,82.1,83.86666667,88,87,91.2,68
83.75,83.15,82.43333333,82.35,86,87,91.8,58
90,88.1,83.3,85.35,90,89,95.6,78
89.66666667,92.4,84.51666667,85.86666667,91,90,96,86
87.83333333,85.25,85.68333333,87.025,91,90,95.2,78
82,82.3,82.06666667,82.44166667,88,90,91.2,74
87.8125,85.36666667,85.3,84.55,91,90,94.8,70
91.875,84.5,83.56666667,83.94166667,91,90,93.4,82
85.4375,86.7,85.53333333,86.05,92,91,94.2,88
83.6875,84.35,83,82.35,87,88,90.8,72
83.25,82.4,84.9,85,87,89,90.8,48
88.625,84.66666667,87.15,82.86666667,91,89,93.4,70
83.8125,84.15,84.25,87.16666667,90,89,92.2,64
85.4375,85,83.675,85.61666667,90,88,93.4,68
83.20833333,82,83.03333333,83.28333333,90,91,92.6,60
87.625,83.5,83.05,83.43333333,92,93,93.2,78
90.125,84.7,82.73333333,82.28333333,90,90,93.8,76
92,89,89.45,88.43333333,92,91,94.6,84
86.5,82.66666667,82.36666667,82.46666667,90,89,92.2,54
87.5625,86.65,88.15,86.1,92,91,94.6,84
83.5,86.6,86.15,89.85,94,92,94.6,66
85.79166667,89.25,84.81666667,85.93333333,91,90,93.2,72
92.60416667,86.2,86.95,88.36666667,92,89,95.4,86
88.4375,87.55,85.5,88.14166667,93,92,95.2,82
84.25,83.75,84.01666667,83.51666667,89,88,94.2,76
84.25,82.91666667,84.41666667,84.53333333,92,92,93.8,74
85.3125,83.05,83.725,88.56666667,92,92,93.8,82
84.125,84.45,82,82.03333333,89,89,93.6,68
84.89583333,82.3,85.8,82.05,88,88,93,74
87.9375,85.4,87.46666667,84.09166667,89,88,93.6,84
83.375,82.13333333,85.08333333,85.41666667,91,90,94.6,74
85,82.18333333,84.56666667,85.73333333,91,89,94.6,82
84.41666667,84.05,86.05,84.18333333,89,89,93,74
84.9375,85.15,83.38333333,84.7,91,90,95.2,70
84.125,85.25,84.55,83,91,89,94.2,70
83.5625,84.7,85.4,83.1,93,93,93.8,72
83.875,85.4,84.81666667,85.58333333,91,91,94.2,80
86.5625,87.65,85.11666667,86.6,94,92,95.4,70
86.375,85.56666667,84.03333333,84.05,89,88,94,84
